Item,Period,Age,Latest
"A/Grav, Belt",p06_Far_Future,18-Gravity,20-Symbolic
"A/Grav, Ring",p06_Far_Future,18-Gravity,20-Symbolic
Acid Spitter,p05_Near_Future,14-Robotics,20-Symbolic
Agenda Document,p01_Ancient,02-Bronze,20-Symbolic
"Ammo Belt, Bandolier",p03_Expansionist,08-Sail,20-Symbolic
"Ammo Belt, Bandolier, Archaic",p03_Expansionist,08-Sail,20-Symbolic
Ammo Box,p03_Expansionist,09-Industrial,20-Symbolic
"Ammo, AP",p04_Modern,11-Modern,20-Symbolic
"Ammo, AP-II",p04_Modern,11-Modern,20-Symbolic
"Ammo, AT",p04_Modern,11-Modern,20-Symbolic
"Ammo, AT-II",p04_Modern,11-Modern,20-Symbolic
"Ammo, HE",p04_Modern,11-Modern,20-Symbolic
"Ammo, HEAP",p04_Modern,11-Modern,20-Symbolic
"Ammo, HEAP-II",p04_Modern,11-Modern,20-Symbolic
"Ammo, HEAT",p04_Modern,12-Atomic,20-Symbolic
"Ammo, HEAT-II",p04_Modern,12-Atomic,20-Symbolic
"Ammo, HP",p04_Modern,11-Modern,20-Symbolic
"Ammo, Tracer Round",p04_Modern,11-Modern,20-Symbolic
Amulet of Eyes,p07_Fantastic,20-Symbolic,20-Symbolic
Amulet of Fears,p07_Fantastic,20-Symbolic,20-Symbolic
Anti-gravity Harness,p06_Far_Future,18-Gravity,20-Symbolic
"Anti-tank Weapon, Bazooka, M1",p04_Modern,11-Modern,14-Robotics
"Anti-tank Weapon, Bazooka, M20",p04_Modern,11-Modern,14-Robotics
"Anti-tank Weapon, Faustpatrone",p04_Modern,11-Modern,14-Robotics
"Anti-tank Weapon, LAW",p04_Modern,11-Modern,14-Robotics
"Anti-tank Weapon, MAW",p04_Modern,11-Modern,20-Symbolic
"Anti-tank Weapon, PIAT",p04_Modern,11-Modern,14-Robotics
"Anti-tank Weapon, Panzerfaust",p04_Modern,11-Modern,14-Robotics
"Anti-tank Weapon, Panzerschreck",p04_Modern,11-Modern,14-Robotics
"Anti-tank Weapon, RPG-7",p04_Modern,11-Modern,14-Robotics
"Anti-tank Weapon, Rocket",p04_Modern,11-Modern,20-Symbolic
Arc Weapon,p06_Far_Future,17-Energy,20-Symbolic
"Arcanum, Accessory, Amulet",p07_Fantastic,19-Symbolic,20-Symbolic
"Arcanum, Accessory, Monstrum",p07_Fantastic,19-Symbolic,20-Symbolic
"Arcanum, Accessory, Ring",p07_Fantastic,19-Symbolic,20-Symbolic
"Arcanum, Accessory, Stone",p07_Fantastic,19-Symbolic,20-Symbolic
"Arcanum, Accessory, Trinket",p07_Fantastic,19-Symbolic,20-Symbolic
"Arcanum, Attachment, Large",p07_Fantastic,19-Symbolic,20-Symbolic
"Arcanum, Attachment, Small",p07_Fantastic,19-Symbolic,20-Symbolic
"Arcanum, Codex, Common",p07_Fantastic,19-Symbolic,20-Symbolic
"Arcanum, Codex, Legendary",p07_Fantastic,19-Symbolic,20-Symbolic
"Arcanum, Scroll, Major",p07_Fantastic,19-Symbolic,20-Symbolic
"Arcanum, Scroll, Minor",p07_Fantastic,19-Symbolic,20-Symbolic
"Arcanum, Tome, Greater",p07_Fantastic,19-Symbolic,20-Symbolic
"Arcanum, Tome, Lesser",p07_Fantastic,19-Symbolic,20-Symbolic
"Armor, Combat Suit",p01_Ancient,01-Stone,11-Modern
"Armor, Field",p01_Ancient,01-Stone,11-Modern
"Armor, Field Advanced",p05_Near_Future,15-Fusion,15-Fusion
"Armor, Field Bulletproof Flex",p05_Near_Future,14-Robotics,14-Robotics
"Armor, Field Flex",p05_Near_Future,14-Robotics,14-Robotics
"Armor, Field Mail",p01_Ancient,03-Iron,06-Renaissance
"Armor, Field Nanoweave",p05_Near_Future,14-Robotics,14-Robotics
"Armor, Field Nanoweave BP",p05_Near_Future,14-Robotics,14-Robotics
"Armor, Field, Bulletproof",p04_Modern,12-Atomic,13-Information
"Armor, Field, Bulletproof Advanced",p05_Near_Future,15-Fusion,15-Fusion
"Armor, Heavy",p01_Ancient,01-Stone,11-Modern
"Armor, Heavy Advanced",p05_Near_Future,15-Fusion,15-Fusion
"Armor, Heavy Bulletproof Flex",p05_Near_Future,14-Robotics,14-Robotics
"Armor, Heavy Flex",p05_Near_Future,14-Robotics,14-Robotics
"Armor, Heavy Mail",p01_Ancient,03-Iron,06-Renaissance
"Armor, Heavy Nanoweave",p05_Near_Future,14-Robotics,14-Robotics
"Armor, Heavy Nanoweave BP",p05_Near_Future,14-Robotics,14-Robotics
"Armor, Heavy, Bulletproof",p04_Modern,12-Atomic,13-Information
"Armor, Heavy, Bulletproof Advanced",p05_Near_Future,15-Fusion,15-Fusion
"Armor, Light",p01_Ancient,01-Stone,11-Modern
"Armor, Light Advanced",p05_Near_Future,15-Fusion,15-Fusion
"Armor, Light Bulletproof Flex",p05_Near_Future,14-Robotics,14-Robotics
"Armor, Light Flex",p05_Near_Future,14-Robotics,14-Robotics
"Armor, Light Mail",p01_Ancient,03-Iron,06-Renaissance
"Armor, Light Nanoweave",p05_Near_Future,14-Robotics,14-Robotics
"Armor, Light Nanoweave BP",p05_Near_Future,14-Robotics,14-Robotics
"Armor, Light, Bulletproof",p04_Modern,12-Atomic,13-Information
"Armor, Light, Bulletproof Advanced",p05_Near_Future,15-Fusion,15-Fusion
"Armor, Medium",p01_Ancient,01-Stone,11-Modern
"Armor, Medium Advanced",p05_Near_Future,15-Fusion,15-Fusion
"Armor, Medium Bulletproof Flex",p05_Near_Future,14-Robotics,14-Robotics
"Armor, Medium Flex",p05_Near_Future,14-Robotics,14-Robotics
"Armor, Medium Mail",p01_Ancient,03-Iron,06-Renaissance
"Armor, Medium Nanoweave",p05_Near_Future,14-Robotics,14-Robotics
"Armor, Medium Nanoweave BP",p05_Near_Future,14-Robotics,14-Robotics
"Armor, Medium, Bulletproof",p04_Modern,12-Atomic,13-Information
"Armor, Medium, Bulletproof Advanced",p05_Near_Future,15-Fusion,15-Fusion
Armored Gear,p01_Ancient,03-Iron,11-Modern
"Armored Gear, Bracer",p01_Ancient,03-Iron,11-Modern
"Armored Gear, Bulletproof",p04_Modern,12-Atomic,13-Information
"Armored Gear, Padding",p01_Ancient,03-Iron,11-Modern
"Armored Gear, Padding Bulletproof",p04_Modern,12-Atomic,13-Information
"Armored Gear, Vaumbrace",p01_Ancient,03-Iron,11-Modern
"Arquebus, Heavy",p02_Archaic,07-Colonial,09-Industrial
"Arquebus, Light",p02_Archaic,07-Colonial,09-Industrial
"Arquebus, Medium",p02_Archaic,07-Colonial,09-Industrial
"Auto-cannon, Heavy",p04_Modern,13-Information,14-Robotics
"Auto-cannon, Light",p04_Modern,12-Atomic,14-Robotics
"Auto-cannon, Medium",p04_Modern,12-Atomic,14-Robotics
Automedic,p05_Near_Future,14-Robotics,20-Symbolic
Axe,p01_Ancient,01-Stone,20-Symbolic
"Axe, Battle",p01_Ancient,02-Bronze,20-Symbolic
"Axe, Long",p01_Ancient,02-Bronze,20-Symbolic
"Axe, Pick",p01_Ancient,03-Iron,20-Symbolic
"Axe, Tactical",p04_Modern,11-Modern,20-Symbolic
Axe-Sword of Tan-doc,p02_Archaic,05-Medieval,15-Fusion
"Ballista, Heavy",p02_Archaic,05-Medieval,20-Symbolic
"Ballista, Medium",p01_Ancient,03-Iron,20-Symbolic
"Balllista, Light",p01_Ancient,03-Iron,20-Symbolic
Bayonet,p02_Archaic,07-Colonial,20-Symbolic
Beam Cannon,p05_Near_Future,15-Fusion,20-Symbolic
"Beam Cannon, Heavy",p06_Far_Future,17-Energy,20-Symbolic
"Beam Cannon, Light",p06_Far_Future,17-Energy,20-Symbolic
Beam Carbine,p05_Near_Future,15-Fusion,20-Symbolic
"Beam Carbine, Advanced",p05_Near_Future,15-Fusion,20-Symbolic
Beam Gun,p05_Near_Future,15-Fusion,20-Symbolic
"Beam Gun, Advanced",p05_Near_Future,15-Fusion,20-Symbolic
Beam Pistol,p06_Far_Future,16-Quantum,20-Symbolic
"Beam Pistol, Advanced",p06_Far_Future,16-Quantum,20-Symbolic
Beam Rifle,p05_Near_Future,15-Fusion,20-Symbolic
"Beam Rifle, Advanced",p05_Near_Future,15-Fusion,20-Symbolic
"Beam Rifle, Advanced Heavy",p05_Near_Future,15-Fusion,20-Symbolic
"Beam Rifle, Early",p05_Near_Future,15-Fusion,20-Symbolic
"Beam Rifle, Early Heavy",p05_Near_Future,15-Fusion,20-Symbolic
"Beam Rifle, Heavy",p05_Near_Future,15-Fusion,20-Symbolic
Belt of Strength,p07_Fantastic,19-Psionic,20-Symbolic
Bite-1,p01_Ancient,01-Stone,20-Symbolic
Bite-2,p01_Ancient,01-Stone,20-Symbolic
Bite-3,p01_Ancient,01-Stone,20-Symbolic
Black Jacks or Sap,p01_Ancient,01-Stone,20-Symbolic
"Blast, 12Minor - Basic",p06_Far_Future,17-Energy,20-Symbolic
"Blast, 12Minor - Burst",p06_Far_Future,17-Energy,20-Symbolic
"Blast, 12Minor - Rapid",p06_Far_Future,17-Energy,20-Symbolic
"Blast, 12Minor - RapidBurst",p06_Far_Future,17-Energy,20-Symbolic
"Blast, 13Major - Basic",p06_Far_Future,17-Energy,20-Symbolic
"Blast, 13Major - Burst",p06_Far_Future,17-Energy,20-Symbolic
"Blast, 13Major - Rapid",p06_Far_Future,17-Energy,20-Symbolic
"Blast, 13Major - RapidBurst",p06_Far_Future,17-Energy,20-Symbolic
"Blast, 22Minor - Basic",p06_Far_Future,17-Energy,20-Symbolic
"Blast, 22Minor - Burst",p06_Far_Future,17-Energy,20-Symbolic
"Blast, 22Minor - Rapid",p06_Far_Future,17-Energy,20-Symbolic
"Blast, 22Minor - RapidBurst",p06_Far_Future,17-Energy,20-Symbolic
"Blast, 23Major - Basic",p06_Far_Future,17-Energy,20-Symbolic
"Blast, 23Major - Burst",p06_Far_Future,17-Energy,20-Symbolic
"Blast, 23Major - Rapid",p06_Far_Future,17-Energy,20-Symbolic
"Blast, 23Major - RapidBurst",p06_Far_Future,17-Energy,20-Symbolic
"Blast, 2Minor - Basic",p06_Far_Future,17-Energy,20-Symbolic
"Blast, 2Minor - Burst",p06_Far_Future,17-Energy,20-Symbolic
"Blast, 2Minor - Rapid",p06_Far_Future,17-Energy,20-Symbolic
"Blast, 2Minor - RapidBurst",p06_Far_Future,17-Energy,20-Symbolic
"Blast, 3Major - Basic",p06_Far_Future,17-Energy,20-Symbolic
"Blast, 3Major - Burst",p06_Far_Future,17-Energy,20-Symbolic
"Blast, 3Major - Rapid",p06_Far_Future,17-Energy,20-Symbolic
"Blast, 3Major - RapidBurst",p06_Far_Future,17-Energy,20-Symbolic
"Blast, 4Greater - Basic",p06_Far_Future,17-Energy,20-Symbolic
"Blast, 4Greater - Burst",p06_Far_Future,17-Energy,20-Symbolic
"Blast, 4Greater - Rapid",p06_Far_Future,17-Energy,20-Symbolic
"Blast, 4Greater - RapidBurst",p06_Far_Future,17-Energy,20-Symbolic
"Blast, 4Wondrous - Basic",p06_Far_Future,17-Energy,20-Symbolic
"Blast, 4Wondrous - Burst",p06_Far_Future,17-Energy,20-Symbolic
"Blast, 4Wondrous - Rapid",p06_Far_Future,17-Energy,20-Symbolic
"Blast, 4Wondrous - RapidBurst",p06_Far_Future,17-Energy,20-Symbolic
"Blast-suit, Advanced",p05_Near_Future,15-Fusion,15-Fusion
"Blast-suit, Early",p04_Modern,11-Modern,11-Modern
"Blast-suit, Reinforced",p04_Modern,11-Modern,11-Modern
Blaster Glove,p06_Far_Future,17-Energy,20-Symbolic
Blaster Pistol,p06_Far_Future,17-Energy,17-Energy
"Blaster Pistol, Magnum",p06_Far_Future,17-Energy,17-Energy
Blaster Rifle,p06_Far_Future,17-Energy,17-Energy
"Blaster Rifle, Magnum",p06_Far_Future,17-Energy,17-Energy
Blow-dart Gun,p01_Ancient,01-Stone,14-Robotics
Bola,p01_Ancient,01-Stone,20-Symbolic
Bolter Pistol,p05_Near_Future,15-Fusion,15-Fusion
Bolter Rifle,p05_Near_Future,15-Fusion,15-Fusion
"Bolter Rifle, Adv",p05_Near_Future,15-Fusion,15-Fusion
"Boomerang, War",p01_Ancient,02-Bronze,20-Symbolic
"Bottle-Phial, Acid-1",p01_Ancient,01-Stone,20-Symbolic
"Bottle-Phial, Burn-1",p01_Ancient,01-Stone,20-Symbolic
"Bottle-Phial, Caustic-1",p01_Ancient,01-Stone,20-Symbolic
"Bottle-Phial, Confuse-1",p01_Ancient,01-Stone,20-Symbolic
"Bottle-Phial, Fire-1",p01_Ancient,01-Stone,20-Symbolic
"Bottle-Phial, Poison-1",p01_Ancient,01-Stone,20-Symbolic
"Bow, Light",p01_Ancient,01-Stone,11-Modern
"Bow, Light Quickened",p01_Ancient,01-Stone,11-Modern
"Bow, Long",p01_Ancient,01-Stone,11-Modern
"Bow, Medium",p01_Ancient,01-Stone,11-Modern
"Bow, Medium Heavy",p01_Ancient,01-Stone,11-Modern
"Bow, Medium Quickened",p01_Ancient,01-Stone,11-Modern
"Bow, Recurve",p01_Ancient,01-Stone,11-Modern
"Bow, Recurve Heavy",p01_Ancient,01-Stone,11-Modern
"Bow, War",p01_Ancient,01-Stone,11-Modern
Bracers of Stealth,p07_Fantastic,20-Symbolic,20-Symbolic
"Cannon, A 12.7mm",p03_Expansionist,10-Machine,14-Robotics
"Cannon, B 25mm (2-pdr)",p03_Expansionist,10-Machine,14-Robotics
"Cannon, C 42mm (6-pdr)",p03_Expansionist,10-Machine,14-Robotics
"Cannon, D 75mm (17-pdr)",p03_Expansionist,10-Machine,14-Robotics
"Carbine Light, Auto",p04_Modern,11-Modern,14-Robotics
"Carbine Light, Semi/A",p04_Modern,11-Modern,14-Robotics
"Carbine, Heavy, Auto",p04_Modern,11-Modern,14-Robotics
"Carbine, Heavy, Semi/A",p04_Modern,11-Modern,14-Robotics
"Carbine, Medium, Auto",p04_Modern,11-Modern,14-Robotics
"Carbine, Medium, Semi/A",p04_Modern,11-Modern,14-Robotics
"Chainsaw, Claw, Heavy",p04_Modern,11-Modern,14-Robotics
"Chainsaw, Claw, Light",p04_Modern,11-Modern,14-Robotics
"Chainsaw, Claw, Medium",p04_Modern,11-Modern,14-Robotics
"Chainsaw, Heavy",p04_Modern,11-Modern,20-Symbolic
"Chainsaw, Light",p04_Modern,11-Modern,20-Symbolic
"Chainsaw, Medium",p04_Modern,11-Modern,20-Symbolic
Chakram Rings,p01_Ancient,02-Bronze,20-Symbolic
"Chakram Rings, Serrated",p01_Ancient,02-Bronze,20-Symbolic
Claw-1,p01_Ancient,01-Stone,14-Robotics
Claw-2,p01_Ancient,01-Stone,14-Robotics
Claw-3,p01_Ancient,01-Stone,14-Robotics
Claws-1,p01_Ancient,01-Stone,14-Robotics
Claws-2,p01_Ancient,01-Stone,14-Robotics
Claws-3,p01_Ancient,01-Stone,14-Robotics
Club,p01_Ancient,01-Stone,20-Symbolic
"Club, Baton",p01_Ancient,01-Stone,20-Symbolic
"Club, Circus Mallet",p01_Ancient,01-Stone,20-Symbolic
"Club, Crowbar",p01_Ancient,01-Stone,20-Symbolic
"Club, Heavy",p01_Ancient,01-Stone,20-Symbolic
"Club, Mace",p01_Ancient,01-Stone,20-Symbolic
"Club, Mace, Spiked",p01_Ancient,01-Stone,20-Symbolic
"Club, Shovel",p01_Ancient,01-Stone,20-Symbolic
"Coil-gun, Heavy",p05_Near_Future,14-Robotics,14-Robotics
"Coil-gun, Light",p05_Near_Future,14-Robotics,14-Robotics
"Coil-gun, Medium",p05_Near_Future,14-Robotics,14-Robotics
"Collar, Spiked",p01_Ancient,03-Iron,20-Symbolic
Comm-helmet,p04_Modern,11-Modern,20-Symbolic
"Comm-helmet, Early",p04_Modern,11-Modern,20-Symbolic
Comm-link,p04_Modern,13-Information,20-Symbolic
"Comm-link, Boosted",p04_Modern,12-Atomic,20-Symbolic
"Comm-link, Box",p04_Modern,11-Modern,20-Symbolic
"Comm-link, Box, Archaic",p04_Modern,11-Modern,20-Symbolic
"Comm-link, Box, Early",p04_Modern,12-Atomic,20-Symbolic
"Comm-link, Box, Early (Embedded)",p04_Modern,13-Information,20-Symbolic
"Comm-link, Box-Hand-held",p04_Modern,13-Information,20-Symbolic
"Comm-link, Early",p04_Modern,13-Information,20-Symbolic
"Comm-link, Jammer, Early",p04_Modern,12-Atomic,20-Symbolic
"Comm-link, Jammer, Modern",p04_Modern,13-Information,20-Symbolic
"Crossbow, Heavy",p01_Ancient,03-Iron,11-Modern
"Crossbow, Light",p01_Ancient,03-Iron,11-Modern
"Crossbow, Medium",p01_Ancient,03-Iron,11-Modern
"Crossbow, Repeating",p01_Ancient,03-Iron,11-Modern
"Crossbow, Repeating Heavy",p01_Ancient,03-Iron,11-Modern
"Crossbow, Single-hand Pistol",p01_Ancient,03-Iron,11-Modern
"Crossbow, Single-hand Pistol, Hvy",p01_Ancient,03-Iron,11-Modern
"Crossbow, Single-hand Pistol, Hvy, Masterwork",p01_Ancient,03-Iron,11-Modern
"Crossbow, Single-hand Pistol, Masterwork",p01_Ancient,03-Iron,11-Modern
"Dagger, Obsidian",p01_Ancient,01-Stone,15-Fusion
"Dagger, Stiletto",p01_Ancient,01-Stone,15-Fusion
Daggers,p01_Ancient,01-Stone,15-Fusion
"Daggers, Spectral",p07_Fantastic,20-Symbolic,20-Symbolic
Damper 2 > Type,p05_Near_Future,14-Robotics,20-Symbolic
Damper 3 > Type,p05_Near_Future,14-Robotics,20-Symbolic
Damper 4 > Type,p05_Near_Future,14-Robotics,20-Symbolic
Damper > Type,p05_Near_Future,14-Robotics,20-Symbolic
Deceptor Pistol,p05_Near_Future,15-Fusion,15-Fusion
Deceptor Rifle,p05_Near_Future,15-Fusion,15-Fusion
Detonator,p03_Expansionist,09-Industrial,20-Symbolic
"Device, Synchron, Archaic",p03_Expansionist,08-Sail,20-Symbolic
"Device, Synchron, Early",p03_Expansionist,10-Machine,20-Symbolic
"Device, Synchron-1.1",p04_Modern,11-Modern,20-Symbolic
"Device, Synchron-2.1",p04_Modern,11-Modern,20-Symbolic
"Device, Synchron-3.2",p04_Modern,11-Modern,20-Symbolic
Discus,p01_Ancient,02-Bronze,20-Symbolic
Displacer Device,p06_Far_Future,18-Gravity,20-Symbolic
"Dynamic Armor, Heavy",p04_Modern,11-Modern,20-Symbolic
"Dynamic Armor, Light",p04_Modern,11-Modern,20-Symbolic
"Dynamic Armor, Medium",p04_Modern,11-Modern,20-Symbolic
Electrocounter Orbs,p03_Expansionist,10-Machine,20-Symbolic
Electrostaff,p05_Near_Future,15-Fusion,20-Symbolic
"Electrostaff, Neon",p05_Near_Future,15-Fusion,20-Symbolic
"Electroweapon, Early",p04_Modern,11-Modern,20-Symbolic
"Electroweapon, Pulse, Pistol",p05_Near_Future,14-Robotics,14-Robotics
"Electroweapon, Pulse, Rifle",p05_Near_Future,14-Robotics,14-Robotics
"Explosives, Agenda Bomb, Large",p02_Archaic,05-Medieval,20-Symbolic
"Explosives, Agenda Bomb, Small",p02_Archaic,05-Medieval,20-Symbolic
"Explosives, Agenda Bomb,Medium",p02_Archaic,05-Medieval,20-Symbolic
"Explosives, Bomb, Large",p02_Archaic,05-Medieval,20-Symbolic
"Explosives, Bomb, Small",p02_Archaic,05-Medieval,20-Symbolic
"Explosives, Bundle, Dynamite",p04_Modern,11-Modern,20-Symbolic
"Explosives, Fire-bomb",p04_Modern,11-Modern,20-Symbolic
"Explosives, Kettle-bomb",p04_Modern,11-Modern,20-Symbolic
"Explosives, Mine, IED",p04_Modern,11-Modern,20-Symbolic
"Explosives, Mine, Tank",p04_Modern,11-Modern,20-Symbolic
"Explosives, Petard",p02_Archaic,07-Colonial,20-Symbolic
"Explosives, Powderkeg",p02_Archaic,06-Renaissance,20-Symbolic
"Explosives, Satchel",p04_Modern,11-Modern,20-Symbolic
"Explosives, Satchel, Pulse",p05_Near_Future,14-Robotics,20-Symbolic
"Explosives, Stick, Dynamite",p04_Modern,11-Modern,20-Symbolic
"Exxo-skeleton, Heavy",p05_Near_Future,14-Robotics,20-Symbolic
"Exxo-skeleton, Lifter Frame",p05_Near_Future,14-Robotics,20-Symbolic
"Exxo-skeleton, Light",p05_Near_Future,14-Robotics,20-Symbolic
Exxo-skin,p05_Near_Future,14-Robotics,20-Symbolic
"Exxo-skin, Carapace",p05_Near_Future,14-Robotics,20-Symbolic
"Exxo-skin, Scaled",p05_Near_Future,14-Robotics,20-Symbolic
"Exxo-skin, Segmented",p05_Near_Future,14-Robotics,20-Symbolic
Favored Passage,p00_ANY,p00_ANY,p00_ANY
Field Harness,p01_Ancient,01-Stone,20-Symbolic
Flail,p01_Ancient,01-Stone,20-Symbolic
"Flail, Farming",p01_Ancient,01-Stone,20-Symbolic
"Flail, Morningstar",p01_Ancient,01-Stone,20-Symbolic
"Flail, Tri-section",p01_Ancient,01-Stone,20-Symbolic
"Flame-thrower, Heavy",p04_Modern,11-Modern,20-Symbolic
"Flame-thrower, Light",p04_Modern,11-Modern,20-Symbolic
"Flame-thrower, Medium",p04_Modern,11-Modern,20-Symbolic
"Flame-thrower, Mini",p04_Modern,11-Modern,20-Symbolic
Flashlight,p04_Modern,12-Atomic,20-Symbolic
"Flashlight, Advanced",p04_Modern,13-Information,20-Symbolic
"Force Armor, Heavy",p04_Modern,11-Modern,20-Symbolic
"Force Armor, Light",p04_Modern,11-Modern,20-Symbolic
"Force Armor, Medium",p04_Modern,11-Modern,20-Symbolic
Fusion Pistol,p05_Near_Future,15-Fusion,15-Fusion
"Gas Cannister, Blacksmoke",p04_Modern,11-Modern,20-Symbolic
"Gas Cannister, Caustic",p04_Modern,11-Modern,20-Symbolic
"Gas Cannister, Knockout",p04_Modern,11-Modern,20-Symbolic
"Gas Cannister, Knockout-2",p04_Modern,11-Modern,20-Symbolic
"Gas Cannister, Mustard",p04_Modern,11-Modern,20-Symbolic
"Gas Cannister, Nerve",p04_Modern,11-Modern,20-Symbolic
"Gas Cannister, Nerve-2",p04_Modern,11-Modern,20-Symbolic
"Gas Cannister, Poison",p04_Modern,11-Modern,20-Symbolic
"Gas Cannister, Poison 2",p04_Modern,11-Modern,20-Symbolic
"Gas Cannister, Riot",p04_Modern,11-Modern,20-Symbolic
"Gas Cannister, Riot-3",p04_Modern,11-Modern,20-Symbolic
"Gas Cannister, Smoke",p04_Modern,11-Modern,20-Symbolic
"Gas Cannister, Smoke-2",p04_Modern,11-Modern,20-Symbolic
"Gas Cannister, Steam",p04_Modern,11-Modern,20-Symbolic
"Gas Grenade, Acid",p04_Modern,11-Modern,20-Symbolic
"Gas Grenade, Blacksmoke",p04_Modern,11-Modern,20-Symbolic
"Gas Grenade, Caustic",p04_Modern,11-Modern,20-Symbolic
"Gas Grenade, Knockout",p04_Modern,11-Modern,20-Symbolic
"Gas Grenade, Mustard",p04_Modern,11-Modern,20-Symbolic
"Gas Grenade, Nerve",p04_Modern,11-Modern,20-Symbolic
"Gas Grenade, Poison",p04_Modern,11-Modern,20-Symbolic
"Gas Grenade, Poison 2",p04_Modern,11-Modern,20-Symbolic
"Gas Grenade, Riot",p04_Modern,11-Modern,20-Symbolic
"Gas Grenade, Smoke",p04_Modern,11-Modern,20-Symbolic
"Gas Grenade, Steam",p04_Modern,11-Modern,20-Symbolic
Gas Grenade: Steam,p04_Modern,11-Modern,20-Symbolic
Gas-mask,p04_Modern,11-Modern,20-Symbolic
"Gas-mask, Hooded",p04_Modern,11-Modern,20-Symbolic
"Gas-mask, Respirator",p04_Modern,11-Modern,20-Symbolic
"Gatling Gun, 20mm",p04_Modern,12-Atomic,14-Robotics
"Gatling Gun, Archaic",p04_Modern,12-Atomic,14-Robotics
"Gatling Gun, Archaic-v2",p04_Modern,12-Atomic,14-Robotics
"Gatling Gun, Early",p04_Modern,12-Atomic,14-Robotics
"Gatling Gun, Early-v2",p04_Modern,12-Atomic,14-Robotics
"Gatling Gun, Mini",p03_Expansionist,10-Machine,14-Robotics
"Gatling Gun, Mini (Mounted)",p03_Expansionist,10-Machine,14-Robotics
"Gauntlet, Clawed",p01_Ancient,01-Stone,14-Robotics
"Gauntlet, Controller",p05_Near_Future,15-Fusion,20-Symbolic
Goggles,p03_Expansionist,08-Sail,20-Symbolic
"Goggles, Night-vision",p04_Modern,12-Atomic,20-Symbolic
"Goggles, Night-vision, Adv.",p04_Modern,12-Atomic,20-Symbolic
"Goggles, Optiplex",p05_Near_Future,14-Robotics,20-Symbolic
"Goggles, Pin-point",p03_Expansionist,08-Sail,20-Symbolic
"Goggles, Sensor",p05_Near_Future,14-Robotics,20-Symbolic
"Grenade, Anti-magic",p07_Fantastic,19-Psionic,20-Symbolic
"Grenade, Anti-psi",p07_Fantastic,19-Psionic,20-Symbolic
"Grenade, Archaic",p04_Modern,11-Modern,20-Symbolic
"Grenade, Concussion",p04_Modern,11-Modern,20-Symbolic
"Grenade, Concussion, Adv.",p04_Modern,11-Modern,20-Symbolic
"Grenade, Dancer",p04_Modern,11-Modern,20-Symbolic
"Grenade, Flash",p04_Modern,11-Modern,20-Symbolic
"Grenade, Flash-bang",p04_Modern,11-Modern,20-Symbolic
"Grenade, Flash-bang, Adv.",p04_Modern,11-Modern,20-Symbolic
"Grenade, Fragmentation",p04_Modern,11-Modern,20-Symbolic
"Grenade, Fragmentation, Adv.",p04_Modern,11-Modern,20-Symbolic
"Grenade, HE",p04_Modern,11-Modern,20-Symbolic
"Grenade, HE, Adv.",p04_Modern,11-Modern,20-Symbolic
"Grenade, Pulse",p05_Near_Future,14-Robotics,20-Symbolic
"Grenade, Pulse, Adv.",p05_Near_Future,14-Robotics,20-Symbolic
"Grenade, Shrapnel",p04_Modern,11-Modern,20-Symbolic
"Grenade, Shrapnel, Adv.",p04_Modern,11-Modern,20-Symbolic
"Grenade, Sonic",p04_Modern,11-Modern,20-Symbolic
"Grenade, Sonic, Adv.",p04_Modern,11-Modern,20-Symbolic
"Grenade, Web",p04_Modern,11-Modern,20-Symbolic
"Grenade, Web Stunner",p04_Modern,11-Modern,20-Symbolic
"Groundingsuit, Advanced",p04_Modern,11-Modern,20-Symbolic
"Groundingsuit, Early",p04_Modern,11-Modern,20-Symbolic
"Hammer, Forge",p01_Ancient,01-Stone,20-Symbolic
"Hammer, Long",p01_Ancient,01-Stone,20-Symbolic
"Hammer, Maul",p01_Ancient,01-Stone,20-Symbolic
"Hammer, Sledge",p01_Ancient,01-Stone,20-Symbolic
"Hammer, War",p01_Ancient,01-Stone,20-Symbolic
"Hammer, War, Ban-1",p01_Ancient,01-Stone,20-Symbolic
"Hammer, War, Ban-2",p01_Ancient,01-Stone,20-Symbolic
Hand Cannon,p04_Modern,12-Atomic,14-Robotics
"Hardsuit, Archaic",p04_Modern,11-Modern,20-Symbolic
"Hardsuit, Enhanced, Archaic",p04_Modern,11-Modern,20-Symbolic
"Hardsuit, Platform, Archaic",p04_Modern,11-Modern,20-Symbolic
"Hardsuit, Scout",p04_Modern,11-Modern,20-Symbolic
"Hardsuit, Standard",p04_Modern,11-Modern,20-Symbolic
"Hardsuit, War",p04_Modern,11-Modern,20-Symbolic
"Hardsuit, Windup",p04_Modern,11-Modern,20-Symbolic
Heirloom Weapon,p00_ANY,p00_ANY,p00_ANY
"Helmet, Common",p01_Ancient,01-Stone,11-Modern
"Helmet, Common, Bulletproof",p04_Modern,12-Atomic,13-Information
"Helmet, Full",p01_Ancient,01-Stone,11-Modern
"Helmet, Full, Bulletproof",p04_Modern,12-Atomic,13-Information
"Helmet, Full-Elaborate",p01_Ancient,01-Stone,11-Modern
"Helmet, Reinforced",p01_Ancient,01-Stone,11-Modern
"Helmet, Reinforced Bulletproof",p04_Modern,12-Atomic,13-Information
"Helmet, Riot",p01_Ancient,01-Stone,11-Modern
"Helmet, Riot Bulletproof",p04_Modern,12-Atomic,13-Information
"Hook, Crook",p01_Ancient,01-Stone,20-Symbolic
"Hook, Meat",p01_Ancient,01-Stone,20-Symbolic
"Hook, Scythe",p01_Ancient,01-Stone,20-Symbolic
"Hook, Sickle, Fist",p01_Ancient,01-Stone,20-Symbolic
"Hook, Sickle, Hand",p01_Ancient,01-Stone,20-Symbolic
"Hook, Spearcrook",p01_Ancient,01-Stone,20-Symbolic
"Hook, Swordcrook",p02_Archaic,05-Medieval,15-Fusion
Immune-Blast-1,p00_ANY,p00_ANY,p00_ANY
Immune-Blast-2,p00_ANY,p00_ANY,p00_ANY
Improvised Melee,p01_Ancient,01-Stone,20-Symbolic
"Improvised Melee, Large",p01_Ancient,01-Stone,20-Symbolic
Improvised Parry,p01_Ancient,01-Stone,20-Symbolic
Improvised Thrown,p01_Ancient,01-Stone,20-Symbolic
"Improvised Thrown, Large",p01_Ancient,01-Stone,20-Symbolic
"Jet-pack, Gear",p05_Near_Future,14-Robotics,20-Symbolic
"Jet-pack, Jump",p05_Near_Future,14-Robotics,20-Symbolic
"Jet-pack, Suit",p05_Near_Future,14-Robotics,20-Symbolic
"Jet-pack, Suit, Advanced",p05_Near_Future,14-Robotics,20-Symbolic
"Kit, Glider Caped",p04_Modern,11-Modern,20-Symbolic
"Kit, Glider Winged",p04_Modern,11-Modern,20-Symbolic
"Kit, Medical, CFAK",p04_Modern,11-Modern,20-Symbolic
"Kit, Medical, CFAK-v2",p04_Modern,11-Modern,20-Symbolic
"Kit, Medical, Field",p04_Modern,11-Modern,20-Symbolic
"Kit, Medical, Tactical",p04_Modern,11-Modern,20-Symbolic
"Knife, Large",p01_Ancient,01-Stone,20-Symbolic
"Knife, Medium",p01_Ancient,01-Stone,20-Symbolic
"Knife, Small",p01_Ancient,01-Stone,20-Symbolic
"Knife, Tactical",p04_Modern,11-Modern,20-Symbolic
Knuckledusters,p01_Ancient,01-Stone,20-Symbolic
"Knuckledusters, Spiked",p01_Ancient,01-Stone,20-Symbolic
Lamp or Candle,p01_Ancient,01-Stone,20-Symbolic
Lamp or Candle. Large,p01_Ancient,01-Stone,20-Symbolic
"Lantern, Basic",p01_Ancient,01-Stone,20-Symbolic
"Lantern, Basic, Large",p01_Ancient,01-Stone,20-Symbolic
"Lantern, Electric",p03_Expansionist,10-Machine,20-Symbolic
"Lantern, Electric, Small",p03_Expansionist,10-Machine,20-Symbolic
"Lantern, Fueled",p03_Expansionist,08-Sail,20-Symbolic
"Lantern, Fueled, Small",p03_Expansionist,08-Sail,20-Symbolic
"Launcher, Grenade Early",p04_Modern,11-Modern,20-Symbolic
"Launcher, Grenade Modern",p04_Modern,11-Modern,20-Symbolic
"Launcher, Grenade, Multi-rapid",p04_Modern,11-Modern,20-Symbolic
"Launcher, Grenade, Rapid",p04_Modern,11-Modern,20-Symbolic
Leash,p01_Ancient,01-Stone,20-Symbolic
"Machine Gun, Heavy",p04_Modern,12-Atomic,14-Robotics
"Machine Gun, Heavy (Mounted)",p04_Modern,11-Modern,14-Robotics
"Machine Gun, Light",p04_Modern,11-Modern,14-Robotics
"Machine Gun, Light (Mounted)",p04_Modern,11-Modern,14-Robotics
"Machine Gun, Medium",p04_Modern,12-Atomic,14-Robotics
"Machine Gun, Medium (Mounted)",p04_Modern,11-Modern,14-Robotics
"Machine Gun, Mitrailleuse",p04_Modern,12-Atomic,20-Symbolic
"Mage Armor, Heavy",p04_Modern,11-Modern,20-Symbolic
"Mage Armor, Light",p04_Modern,11-Modern,20-Symbolic
"Mage Armor, Medium",p04_Modern,11-Modern,20-Symbolic
Mask of Command,p07_Fantastic,19-Psionic,20-Symbolic
"Medicinals, Alcohol",p01_Ancient,01-Stone,20-Symbolic
"Medicinals, Alcohol, Copious",p01_Ancient,01-Stone,20-Symbolic
"Medicinals, Euphorics",p01_Ancient,01-Stone,20-Symbolic
"Medicinals, Euphorics, Copious",p01_Ancient,01-Stone,20-Symbolic
"Medicinals, Hallucenogenics",p01_Ancient,01-Stone,20-Symbolic
"Medicinals, Hallucenogenics, Copious",p01_Ancient,01-Stone,20-Symbolic
"Medicinals, Healing Potion",p01_Ancient,01-Stone,20-Symbolic
"Medicinals, Healing Potion, Pure",p01_Ancient,01-Stone,20-Symbolic
"Medicinals, Painkillers",p01_Ancient,01-Stone,20-Symbolic
"Medicinals, Painkillers, Copious",p01_Ancient,01-Stone,20-Symbolic
"Medicinals, Psychoactives",p01_Ancient,01-Stone,20-Symbolic
"Medicinals, Stimulants",p01_Ancient,01-Stone,20-Symbolic
"Medicinals, Stimulants, Copious",p01_Ancient,01-Stone,20-Symbolic
"Mine, Acid, Small",p04_Modern,11-Modern,20-Symbolic
"Mine, Anti-personnel",p04_Modern,11-Modern,20-Symbolic
"Mine, Anti-personnel, Micromag",p04_Modern,11-Modern,20-Symbolic
"Mine, Heat, Medium",p04_Modern,11-Modern,20-Symbolic
"Mine, Heat, Small",p04_Modern,11-Modern,20-Symbolic
Mirror,p01_Ancient,02-Bronze,20-Symbolic
"Module, Control",p05_Near_Future,14-Robotics,20-Symbolic
"Module, Manipulator",p05_Near_Future,14-Robotics,20-Symbolic
"Module, System",p05_Near_Future,14-Robotics,20-Symbolic
"Module, Trigger",p05_Near_Future,14-Robotics,20-Symbolic
"Mortar, Heavy",p04_Modern,12-Atomic,14-Robotics
"Mortar, Light",p04_Modern,12-Atomic,14-Robotics
"Mortar, Medium",p04_Modern,12-Atomic,14-Robotics
"Mortar, Mini-mortar",p04_Modern,12-Atomic,14-Robotics
"Mortar, Mini-mortar (Mounted)",p04_Modern,11-Modern,14-Robotics
Mounted Bolter Weapon,p05_Near_Future,15-Fusion,20-Symbolic
Mounted Flame-thrower,p05_Near_Future,14-Robotics,20-Symbolic
"Mounted Mortar, Mini-mortar",p04_Modern,11-Modern,14-Robotics
Mounted Rail-gun,p04_Modern,13-Information,20-Symbolic
"Musket, Blunderbuss",p03_Expansionist,08-Sail,09-Industrial
"Musket, Heavy Smoothbore",p02_Archaic,07-Colonial,09-Industrial
"Musket, Light, Smoothbore",p02_Archaic,07-Colonial,09-Industrial
"Musket, Medium, Smoothbore",p02_Archaic,07-Colonial,09-Industrial
Nanotech:Rage,p05_Near_Future,14-Robotics,20-Symbolic
Nanotech:Rampage,p05_Near_Future,14-Robotics,20-Symbolic
Nanotech:Resist,p05_Near_Future,14-Robotics,20-Symbolic
Nanotech:Run,p05_Near_Future,14-Robotics,20-Symbolic
Necklace of Comfort,p07_Fantastic,19-Psionic,20-Symbolic
Needle Rifle,p05_Near_Future,14-Robotics,14-Robotics
"Needle Rifle, Adv",p05_Near_Future,15-Fusion,15-Fusion
Needler Pistol,p05_Near_Future,14-Robotics,14-Robotics
"Needler Pistol, Adv",p05_Near_Future,15-Fusion,15-Fusion
"Net, Deathnet",p01_Ancient,01-Stone,20-Symbolic
"Net, Retarius",p01_Ancient,01-Stone,20-Symbolic
"Net-gun, Large",p05_Near_Future,15-Fusion,15-Fusion
"Net-gun, Small",p05_Near_Future,15-Fusion,15-Fusion
"Notebook, Leadership",p01_Ancient,02-Bronze,20-Symbolic
"Notebook, Scholarship",p01_Ancient,02-Bronze,20-Symbolic
"Notebook, Tactics",p01_Ancient,02-Bronze,20-Symbolic
"PDW, Heavy",p04_Modern,11-Modern,20-Symbolic
"PDW, Light",p04_Modern,11-Modern,20-Symbolic
"PDW, Medium",p04_Modern,11-Modern,20-Symbolic
"Package, Assassin",p00_ANY,p00_ANY,p00_ANY
"Package, Berserker",p00_ANY,p00_ANY,p00_ANY
"Package, Predict",p00_ANY,p00_ANY,p00_ANY
"Package, Recon",p00_ANY,p00_ANY,p00_ANY
"Package, Timer",p00_ANY,p00_ANY,p00_ANY
"Package, Warrior",p00_ANY,p00_ANY,p00_ANY
Phlogiston Suit,p01_Ancient,01-Stone,20-Symbolic
"Phlogiston Suit, Fireproof",p01_Ancient,01-Stone,20-Symbolic
"Phlogiston Suit, Improved",p04_Modern,11-Modern,20-Symbolic
"Phlogiston Suit, Improved BP",p04_Modern,11-Modern,20-Symbolic
"Pipe Cannon, 1-pdr",p04_Modern,12-Atomic,12-Atomic
"Pipe Cannon, 2-pdr",p04_Modern,12-Atomic,12-Atomic
"Pistol, Coach",p02_Archaic,05-Medieval,14-Robotics
"Pistol, Dueling",p02_Archaic,05-Medieval,14-Robotics
"Pistol, Heavy, Auto",p04_Modern,11-Modern,14-Robotics
"Pistol, Heavy, Semi/A",p04_Modern,11-Modern,14-Robotics
"Pistol, Light, Auto",p04_Modern,11-Modern,14-Robotics
"Pistol, Light, Semi/A",p04_Modern,11-Modern,14-Robotics
"Pistol, Medium, Auto",p04_Modern,11-Modern,14-Robotics
"Pistol, Medium, Semi/A",p04_Modern,11-Modern,14-Robotics
"Pistol, Pepperbox",p03_Expansionist,10-Machine,14-Robotics
Plasma Cannon,p05_Near_Future,15-Fusion,15-Fusion
"Plasma Cannon, Heavy",p05_Near_Future,15-Fusion,15-Fusion
Plasma Pistol,p05_Near_Future,15-Fusion,15-Fusion
Plasma Rifle,p05_Near_Future,15-Fusion,15-Fusion
Plasmablade,p05_Near_Future,15-Fusion,20-Symbolic
"Plasmashield, Heavy",p05_Near_Future,15-Fusion,15-Fusion
"Plasmashield, Light",p05_Near_Future,15-Fusion,15-Fusion
"Plasmashield, Medium",p05_Near_Future,15-Fusion,15-Fusion
Poisoned Weapon,p01_Ancient,01-Stone,20-Symbolic
"Poisoned Weapon, Deadly",p01_Ancient,01-Stone,20-Symbolic
"Polearm, Glaive",p01_Ancient,01-Stone,20-Symbolic
"Polearm, Halberd",p01_Ancient,01-Stone,20-Symbolic
"Polearm, Pike",p01_Ancient,01-Stone,20-Symbolic
"Polearm, Scythe",p01_Ancient,01-Stone,20-Symbolic
"Power-gem, Light",p07_Fantastic,20-Symbolic,20-Symbolic
"Power-gem, Medium",p07_Fantastic,20-Symbolic,20-Symbolic
Powered Armor-Battle,p06_Far_Future,17-Energy,20-Symbolic
Powered Armor-Combat,p06_Far_Future,16-Quantum,20-Symbolic
Powered Armor-Early,p05_Near_Future,14-Robotics,20-Symbolic
Powered Armor-Exxo,p05_Near_Future,14-Robotics,20-Symbolic
Powered Armor-ExxoHvy,p05_Near_Future,15-Fusion,20-Symbolic
Powered Armor-Standard,p05_Near_Future,15-Fusion,20-Symbolic
Powered Armor-Stealth,p06_Far_Future,17-Energy,20-Symbolic
Powered Gauntlets,p05_Near_Future,15-Fusion,20-Symbolic
Powered Gloves,p05_Near_Future,15-Fusion,20-Symbolic
Powered Shielding,p05_Near_Future,15-Fusion,15-Fusion
Powered Shielding-Heavy,p05_Near_Future,15-Fusion,15-Fusion
Powered Staff,p05_Near_Future,15-Fusion,20-Symbolic
Prayer-Book,p02_Archaic,05-Medieval,20-Symbolic
Prayer-Relic,p02_Archaic,05-Medieval,20-Symbolic
"Proximity Suit, Fireproof",p01_Ancient,01-Stone,20-Symbolic
"Proximity Suit, Fireproof BP",p04_Modern,11-Modern,20-Symbolic
"Psi Armor, Heavy",p04_Modern,11-Modern,20-Symbolic
"Psi Armor, Light",p04_Modern,11-Modern,20-Symbolic
"Psi Armor, Medium",p04_Modern,11-Modern,20-Symbolic
Pummel-1,p01_Ancient,01-Stone,20-Symbolic
Pummel-2,p01_Ancient,01-Stone,20-Symbolic
Pummel-3,p01_Ancient,01-Stone,20-Symbolic
"Rail-gun, Heavy",p04_Modern,13-Information,20-Symbolic
"Rail-gun, Light",p04_Modern,13-Information,20-Symbolic
"Rail-gun, Medium",p04_Modern,13-Information,20-Symbolic
"Reinforced, Polearm",p01_Ancient,03-Iron,20-Symbolic
"Reinforced, Standard",p01_Ancient,03-Iron,20-Symbolic
"Revolver, Heavy",p04_Modern,11-Modern,14-Robotics
"Revolver, Heavy, Archaic",p03_Expansionist,10-Machine,14-Robotics
"Revolver, Light",p04_Modern,11-Modern,14-Robotics
"Revolver, Light, Archaic",p03_Expansionist,10-Machine,14-Robotics
"Revolver, Medium",p04_Modern,11-Modern,14-Robotics
"Revolver, Medium, Archaic",p03_Expansionist,10-Machine,14-Robotics
"Rifle, Heavy, Archaic",p02_Archaic,05-Medieval,14-Robotics
"Rifle, Heavy, Auto",p04_Modern,11-Modern,14-Robotics
"Rifle, Heavy, Bolt/A",p04_Modern,11-Modern,14-Robotics
"Rifle, Heavy, Semi/A",p04_Modern,11-Modern,14-Robotics
"Rifle, Heavy, Single/A",p04_Modern,11-Modern,14-Robotics
"Rifle, Light, Archaic",p02_Archaic,05-Medieval,14-Robotics
"Rifle, Light, Auto",p04_Modern,11-Modern,14-Robotics
"Rifle, Light, Bolt/A",p04_Modern,11-Modern,14-Robotics
"Rifle, Light, Semi/A",p04_Modern,11-Modern,14-Robotics
"Rifle, Light, Single/A",p04_Modern,11-Modern,14-Robotics
"Rifle, Medium, Archaic",p02_Archaic,05-Medieval,14-Robotics
"Rifle, Medium, Auto",p04_Modern,11-Modern,14-Robotics
"Rifle, Medium, Bolt/A",p04_Modern,11-Modern,14-Robotics
"Rifle, Medium, Semi/A",p04_Modern,11-Modern,14-Robotics
"Rifle, Medium, Single/A",p04_Modern,11-Modern,14-Robotics
Ring of Flight,p07_Fantastic,20-Symbolic,20-Symbolic
Ring of Leaping,p07_Fantastic,20-Symbolic,20-Symbolic
Ring of Running,p07_Fantastic,20-Symbolic,20-Symbolic
"Rod, Emerald Flame",p04_Modern,11-Modern,20-Symbolic
"Rod, Eternal Flame",p04_Modern,11-Modern,20-Symbolic
"Rod, Last Rites",p04_Modern,11-Modern,20-Symbolic
"Rod, Stinging Blight",p04_Modern,11-Modern,20-Symbolic
"Rod, Suffering Light",p04_Modern,11-Modern,20-Symbolic
Rope,p04_Modern,12-Atomic,20-Symbolic
Seal of Arrows,p07_Fantastic,20-Symbolic,20-Symbolic
Seal of Daggers,p07_Fantastic,20-Symbolic,20-Symbolic
Sensor Array,p05_Near_Future,14-Robotics,20-Symbolic
"Shield, Heavy-Large",p01_Ancient,01-Stone,11-Modern
"Shield, Heavy-Medium",p01_Ancient,01-Stone,11-Modern
"Shield, Heavy-Small",p01_Ancient,01-Stone,11-Modern
"Shield, Improvised-Large",p01_Ancient,01-Stone,11-Modern
"Shield, Improvised-Small",p01_Ancient,01-Stone,11-Modern
"Shield, Large",p01_Ancient,01-Stone,11-Modern
"Shield, Large, Bulletproof",p04_Modern,12-Atomic,13-Information
"Shield, Light",p01_Ancient,01-Stone,11-Modern
"Shield, Medium",p01_Ancient,01-Stone,11-Modern
"Shield, Medium, Bulletproof",p04_Modern,12-Atomic,13-Information
"Shield, Medium-Spiked",p01_Ancient,01-Stone,11-Modern
"Shield, Riot",p04_Modern,11-Modern,11-Modern
"Shield, Riot, Large",p04_Modern,11-Modern,11-Modern
"Shield, Small",p01_Ancient,01-Stone,11-Modern
"Shield, Small, Bulletproof",p04_Modern,12-Atomic,13-Information
"Shield, Small, Spiked",p04_Modern,11-Modern,11-Modern
"Shield, Small-Buckle",p01_Ancient,01-Stone,11-Modern
"Shotgun, Auto",p04_Modern,11-Modern,14-Robotics
"Shotgun, Auto, Heavy",p04_Modern,11-Modern,14-Robotics
"Shotgun, Fletch",p04_Modern,11-Modern,14-Robotics
"Shotgun, Pump-action",p04_Modern,11-Modern,14-Robotics
"Shotgun, Pump-action, Heavy",p04_Modern,11-Modern,14-Robotics
"Shotgun, Sawed-off",p04_Modern,11-Modern,14-Robotics
"Shotgun, Semi/A",p04_Modern,11-Modern,14-Robotics
"Shotgun, Slug",p04_Modern,11-Modern,14-Robotics
"Shotgun, Slug, Heavy",p04_Modern,11-Modern,14-Robotics
Sickstick,p05_Near_Future,15-Fusion,20-Symbolic
Sigil of Athletics,p07_Fantastic,20-Symbolic,20-Symbolic
Sigil of Hunting,p07_Fantastic,20-Symbolic,20-Symbolic
Silencer,p04_Modern,11-Modern,20-Symbolic
"Silencer, Advanced",p04_Modern,11-Modern,20-Symbolic
Sling,p01_Ancient,01-Stone,11-Modern
"Sling, Staff",p01_Ancient,01-Stone,11-Modern
Slingshot,p01_Ancient,01-Stone,11-Modern
"Sniper Scope, Advanced",p04_Modern,13-Information,20-Symbolic
"Sniper Scope, Advanced, Starlight",p04_Modern,13-Information,20-Symbolic
"Sniper Scope, Basic",p04_Modern,11-Modern,20-Symbolic
"Sniper Scope, Laser",p04_Modern,11-Modern,20-Symbolic
"Sniper Scope, Starlight",p04_Modern,11-Modern,20-Symbolic
Sonic Pistol,p05_Near_Future,14-Robotics,14-Robotics
Sonic Rifle,p05_Near_Future,14-Robotics,14-Robotics
"Sonic Rifle, Heavy",p05_Near_Future,14-Robotics,14-Robotics
"Spear, Long",p01_Ancient,01-Stone,20-Symbolic
"Spear, Medium",p01_Ancient,01-Stone,20-Symbolic
"Spear, Short",p01_Ancient,01-Stone,20-Symbolic
"Spear, Throwing",p01_Ancient,01-Stone,20-Symbolic
"Spear, of Stealth",p01_Ancient,01-Stone,20-Symbolic
Spectral Claws-1,p07_Fantastic,20-Symbolic,20-Symbolic
"Spectral Claws-1, Limited",p07_Fantastic,20-Symbolic,20-Symbolic
Spectral Claws-2,p07_Fantastic,20-Symbolic,20-Symbolic
"Spectral Claws-2, Limited",p07_Fantastic,20-Symbolic,20-Symbolic
Spectral Claws-3,p07_Fantastic,20-Symbolic,20-Symbolic
"Spectral Claws-3, Limited",p07_Fantastic,20-Symbolic,20-Symbolic
Spell - Pyrotechnics,p07_Fantastic,20-Symbolic,20-Symbolic
"Spotlight, S1-Small",p04_Modern,12-Atomic,20-Symbolic
"Spotlight, S2-Large",p04_Modern,12-Atomic,20-Symbolic
Springsuit,p03_Expansionist,10-Machine,20-Symbolic
"Springsuit, Combat",p03_Expansionist,10-Machine,20-Symbolic
Spy-glass,p03_Expansionist,08-Sail,20-Symbolic
Staff,p01_Ancient,01-Stone,20-Symbolic
"Staff, Club",p01_Ancient,01-Stone,20-Symbolic
"Staff, Greater Mage",p01_Ancient,01-Stone,20-Symbolic
"Staff, Lesser Mage",p01_Ancient,01-Stone,20-Symbolic
"Staff, Sling",p01_Ancient,01-Stone,11-Modern
Stealth Suit,p01_Ancient,01-Stone,20-Symbolic
"Stunner, Pistol",p05_Near_Future,15-Fusion,15-Fusion
"Stunner, Rifle",p05_Near_Future,15-Fusion,15-Fusion
"Stunner, Riot",p05_Near_Future,15-Fusion,20-Symbolic
"Submachine-gun, Archaic",p04_Modern,11-Modern,14-Robotics
"Submachine-gun, Heavy",p04_Modern,11-Modern,14-Robotics
"Submachine-gun, Light",p04_Modern,11-Modern,14-Robotics
"Submachine-gun, Medium",p04_Modern,11-Modern,14-Robotics
"Sword, Broad",p02_Archaic,05-Medieval,15-Fusion
"Sword, Cutlass",p03_Expansionist,08-Sail,15-Fusion
"Sword, Great",p02_Archaic,05-Medieval,15-Fusion
"Sword, Long",p02_Archaic,05-Medieval,15-Fusion
"Sword, Rapier",p02_Archaic,06-Renaissance,15-Fusion
"Sword, Saber",p03_Expansionist,09-Industrial,15-Fusion
"Sword, Scimitar",p02_Archaic,05-Medieval,15-Fusion
"Sword, Scimitar, Grand",p02_Archaic,05-Medieval,15-Fusion
"Sword, Short",p02_Archaic,05-Medieval,15-Fusion
Targeting System,p04_Modern,11-Modern,20-Symbolic
"Taser, Personal",p05_Near_Future,15-Fusion,20-Symbolic
"Taser, Prod",p05_Near_Future,15-Fusion,20-Symbolic
"Taser, Rifle",p05_Near_Future,15-Fusion,15-Fusion
Teleporter Beacons,p07_Fantastic,20-Symbolic,20-Symbolic
Teleporter Pack,p07_Fantastic,20-Symbolic,20-Symbolic
Throwing Axes,p01_Ancient,01-Stone,20-Symbolic
Throwing Dart,p01_Ancient,01-Stone,20-Symbolic
Throwing Knives,p01_Ancient,01-Stone,20-Symbolic
Throwing Stars,p01_Ancient,01-Stone,20-Symbolic
Throwing Sticks,p01_Ancient,01-Stone,20-Symbolic
"Torch, Basic",p01_Ancient,01-Stone,20-Symbolic
"Torch, Basic, Large",p01_Ancient,01-Stone,20-Symbolic
"Torch, Flaming",p01_Ancient,01-Stone,20-Symbolic
"Torch, Flaming, Large",p01_Ancient,01-Stone,20-Symbolic
"Torch, Flashlight",p01_Ancient,01-Stone,20-Symbolic
"Torch, Staff",p01_Ancient,01-Stone,20-Symbolic
Trident,p01_Ancient,01-Stone,20-Symbolic
"Trident, Long",p01_Ancient,01-Stone,20-Symbolic
"Trident, Pitchfork",p01_Ancient,01-Stone,20-Symbolic
Unarmed,p01_Ancient,01-Stone,20-Symbolic
Upgrade:Balanced,p00_ANY,p00_ANY,p00_ANY
Upgrade:Masterworks,p00_ANY,p00_ANY,p00_ANY
Upgrade:Poisoned,p00_ANY,p00_ANY,p00_ANY
"Upgrade:Poisoned, Deadly",p00_ANY,p00_ANY,p00_ANY
Upgrade:Reinforced,p00_ANY,p00_ANY,p00_ANY
"Upgrade:Reinforced, Polearm",p00_ANY,p00_ANY,p00_ANY
Upgrade:Well-honed,p00_ANY,p00_ANY,p00_ANY
Vibrodagger,p06_Far_Future,16-Quantum,20-Symbolic
Vibrosword,p06_Far_Future,16-Quantum,20-Symbolic
"Waldo, Claws, Long",p01_Ancient,01-Stone,14-Robotics
"Waldo, Claws, Short",p01_Ancient,01-Stone,14-Robotics
"Waldo, Hand",p01_Ancient,01-Stone,20-Symbolic
"Waldo, Saw, Large",p01_Ancient,01-Stone,20-Symbolic
"Waldo, Saw, Small",p01_Ancient,01-Stone,20-Symbolic
"Wheeled, Armored-pedaler",p04_Modern,11-Modern,20-Symbolic
"Wheeled, Gun Carriage, Large",p04_Modern,11-Modern,14-Robotics
"Wheeled, Gun Carriage, Tricycle",p04_Modern,11-Modern,14-Robotics
"Wheeled, Steam-chair",p04_Modern,11-Modern,20-Symbolic
"Wheeled, Tankette",p04_Modern,11-Modern,20-Symbolic
"Whip, Bull",p01_Ancient,01-Stone,20-Symbolic
"Whip, Metal Chain",p01_Ancient,03-Iron,20-Symbolic
"Whip, Mollysword",p02_Archaic,05-Medieval,15-Fusion
"Whip, Monowire",p06_Far_Future,16-Quantum,20-Symbolic